0.025373165882515928,0.0295877350613794,1
-0.06894404261006676,0.03493388967680733,1
0.026665341715329034,0.0492157443117816,1
-0.7685928424048014,0.5696784915124814,0
0.024688126646980106,0.029447226628004176,1
-0.03759620785844664,-0.008437835057150466,1
-0.05787944647823483,0.022215390555878706,1
-0.04686306085508788,0.01650035047261278,1
0.45709395018921856,-0.9556136763832437,0
1.0256509031923087,-0.03371316556738218,0
0.08687825218569128,-0.013428576755023474,1
0.8429989117921683,-0.4862630155522451,0
0.08154474676712639,-0.020755036032776848,1
0.032032793825466865,0.05642557809767902,1
-0.5940383805913609,0.7131120340836351,0
0.7698597150111536,-0.591571724059044,0
-0.09036108296118922,-0.009525264176589419,1
0.08422759686380953,-0.06465770985936416,1
-0.9863019256722928,-0.29050306922351277,0
0.7136839316916319,0.6839880369876292,0
-1.0099387716643855,-0.02722542562650771,0
0.014111512314760363,1.0315324875907472,0
-0.04987617083133193,-0.041431358132980316,1
-0.011118835914592366,0.033994788774747646,1
-0.008280898586570495,0.0031747119709937682,1
-0.00013089964354951605,0.007639005458329615,1
0.4480415734137911,0.9073458672946905,0
-0.030887866129605705,-0.006410476713932247,1
-0.03159182188447621,-0.007519263572473983,1
-0.057341021557078056,0.04346551079355823,1
0.04524266555961706,0.0031647781147366334,1
-0.028810966608768827,0.031704132028768886,1
0.1494127369078923,0.008053378140443261,1
-0.03641081792454627,0.007909168730180514,1
-0.04289975479400149,-0.04014565546481687,1
-0.9974053035389424,-0.057587370122705414,0
-0.0027914969762428687,0.040003343027175405,1
0.008579087124232969,0.1170511530869757,1
-0.05119178681178287,0.08789242102758657,1
0.005913759850495149,0.0034169930121329614,1
-0.023530750645519884,0.056800945456542296,1
0.5475712661259923,0.8586888310832312,0
-0.009397928352549162,-0.06146694323971899,1
-0.020050065661792578,0.05403504921088034,1
-0.9820208718675949,-0.009360846082166412,0
0.008808657730482856,0.013460890978163179,1
0.05746144475822585,-0.06714901946569954,1
-0.7944889921244742,0.677371746916807,0
0.11820013725044234,0.017459556563564377,1
-0.005421063400659912,0.021951376634651253,1
-0.17598413915821035,-0.9512055249944404,0
-0.006805182482746922,-0.08983273084687286,1
-0.09386480561155883,-0.026952404305957935,1
-0.00437669218565102,0.05595488760565884,1
0.6049311258126501,-0.7249096478656931,0
-0.01099006703668309,-0.054392882861105045,1
-0.6812158123750354,0.7518801783006551,0
0.5217773924922475,0.8302545802307293,0
-0.005618564467444281,0.14443263767323056,1
-0.94611777114325,-0.17467754273085015,0
0.956571735752407,0.3405269296797875,0
-0.4361582892794149,0.9447621429107986,0
0.935185815690104,0.3952215745220851,0
0.779426097905216,0.48461308629856303,0
-0.9588464372942392,0.14753768868651662,0
-0.8212216464000358,0.6455973993499339,0
-0.040248916875802974,0.016216018614125305,1
-0.7496112563813453,-0.6091493980667891,0
-0.009095342809642745,-0.024813624338514927,1
-0.3420648156627186,0.9021690304502719,0
0.19254861209721527,-0.9041134022104692,0
0.7083412415791972,0.6964302470387188,0
0.05501099104564889,0.014127035073994723,1
-0.025230049546630995,-0.04682261878177592,1
-0.02042794827457041,0.04467383916417378,1
-0.3244953400248337,-0.9784561689050875,0
0.2861772623173732,1.0070980252961892,0
0.7347992424812182,0.5666156005752203,0
-0.813220362487886,0.6069282081392586,0
-0.06694663740930162,0.037151384645233834,1
-0.6115016614335357,-0.8318432487261108,0
-0.8162239059419049,-0.5712581355319034,0
0.4101045150102161,0.9460346268651801,0
-0.9923838626435838,0.12260438659123885,0
0.5519174929498911,0.8128549792615162,0
0.18606599704278726,-1.02466640780007,0
0.0026236665201061346,-0.10166783705025895,1
0.04744550739561998,-0.023187674328535995,1
-0.047812489257993786,0.015667313054789876,1
0.10327552709221326,-0.10698460637589775,1
0.04042684944163125,0.08034292440653912,1
0.006118387436252606,-0.0827308812438878,1
0.59081456865254,-0.7963340104599919,0
0.050403069116276164,-0.006096166320208554,1
0.05111660071514402,-0.07118313424427802,1
0.06901809467966785,0.9353853295838822,0
-0.904098139474576,-0.3179279005640317,0
0.9560478274095833,0.1366110815643965,0
-0.03429629323793755,-0.03050976620950365,1
-0.04243227787047892,-0.0245588967533932,1
0.7917535603221751,-0.6079618824839002,0
0.0581680774229784,0.04262574497590241,1
0.6743598507539071,0.7224978662952286,0
-0.23189328416471028,-0.9609230035348088,0
0.0028359225587892183,0.08833023753180741,1
0.089942806978005,-0.04028480406228211,1
0.4185120978925611,0.9264631017831634,0
0.9423435008681806,0.32979638669246825,0
0.6734012744676647,0.7689870149557438,0
0.8270442232834299,-0.622381083970111,0
-0.8425184294496189,-0.557472373648292,0
-0.018549079200007843,-0.0406518588565962,1
0.547937676007448,-0.840902357859989,0
-0.04030232103738969,-0.07795439884861759,1
0.043608554908094385,0.043056359707253127,1
-0.0014690787075054695,-0.02703763567821542,1
0.05308808251316281,-0.010743703619765555,1
0.11326662148137992,0.022627959503957223,1
0.3920683687969828,-0.8839046321566897,0
-0.017587354408809132,0.048699700499686256,1
0.3006394688012078,-0.9311041364038329,0
-0.9396195936334053,0.2804810091390195,0
-0.04820926334602785,0.028137129962135868,1
-0.003259550524777728,0.030504176837923707,1
-1.0516285725546548,0.15809473063832158,0
-0.047654014069885196,0.13902217768551406,1
0.021962835045291312,0.0569176696071015,1
0.37212544727314606,0.9657967097407403,0
-0.06707663400435045,-0.058302880723947945,1
-0.6040960891087109,0.7890931099554471,0
-0.8128459043740143,0.6528121861848152,0
0.6744283973818443,-0.7135322480228664,0
0.07053258720143737,0.00787479213099334,1
-0.7151921112671448,0.6267516728554738,0
1.0226922795323434,-0.03567600641278355,0
-0.24552012646105492,0.9493057543568507,0
0.02417976651511422,-0.042739143478330424,1
0.012254035198337884,0.04772765628911312,1
0.07326315569378813,0.02372445107404216,1
-0.2283441603391747,1.033056190189208,0
0.04669139782392568,-0.09420926768153406,1
0.45519134088631524,0.8491210266361011,0
-0.6436146510165696,-0.8188228089296856,0
-0.05201348177997455,0.023996303938472345,1
0.35031537850213507,0.9567374281016334,0
-0.060914740791305697,0.015812885842437903,1
0.9422133315387458,0.5010423574969529,0
-0.47000969307842055,-0.9127153873116977,0
0.09509616733714626,-0.1522709670787411,1
-0.02109569042067002,-0.03998282466960068,1
0.008815436957010056,0.06491124728028605,1
-0.1372272592591555,1.0746082672928527,0
0.5174441843906064,0.813609403060042,0
-0.020787282486553163,0.9976280200567539,0
0.09956342785300377,0.9898815000648507,0
-0.04927711520329088,-0.04283066603202937,1
0.9023579114460104,-0.43113116577676336,0
-0.0022554810906959535,-0.038211278130620835,1
0.1735700870633455,-0.995976600440083,0
0.33429846990124157,0.9097936879405486,0
0.06882484508182603,-0.020545956578260482,1
-0.07602433586060348,0.0010818742808384133,1
-0.9730449761224986,-0.26408089897018433,0
0.21632921169057742,0.9509089384773205,0
-0.715413821544004,0.6852491691997663,0
-0.07758249060763274,0.07215466863523133,1
-0.029759877450766383,-0.03882917995323375,1
-0.013608354749776041,0.9866723207174192,0
-0.8253707080505588,-0.431314636781385,0
-0.5602052246603844,-0.7657912083670955,0
0.8944071414968151,0.5413716646279083,0
0.46444802178647693,-0.8899271635879658,0
0.975880114219641,0.10770061080533946,0
0.6941183012535295,0.7026194330934274,0
-0.9142402092928892,0.45390023429042564,0
0.9055383451882932,0.4951743868522182,0
-0.9270472307742157,0.21673339158165505,0
0.09126393727897966,-0.051117955273783766,1
0.971376740901457,0.07594851045160092,0
-0.008680337008019672,0.01839320074879135,1
-0.013367958999181404,-0.05995484711893016,1
0.8904401060050211,-0.571526803301835,0
-0.018648396115272414,-0.00725759951775827,1
-0.004745153625268568,0.0792137907273301,1
0.016014138835868722,0.0181676083352455,1
-0.04725500989078353,0.007930529668585472,1
-0.4047551104555632,-0.834107799437638,0
0.8043290968095705,-0.5800478883187007,0
0.9491385595115887,-0.4487598191525252,0
0.016970500230045926,-0.00438769107029793,1
-0.7711207506253943,-0.6438341906809566,0
-0.10722067695144544,-0.04620265340473027,1
-0.5444576712820458,-0.8686309886747168,0
-0.8802407569265374,-0.5032017533122306,0
0.07058235886749725,0.04528751720379484,1
-0.4384649868515029,0.8666998083426953,0
0.0033205046215906975,-0.0021611036883168976,1
0.13237265698934336,0.020001656815744413,1
0.06645295939198573,-0.03175951452661428,1
0.03975118355409936,-0.019592838470278973,1
0.5655175767906241,0.8963928668866712,0
0.24644527737540872,0.9503604771524162,0
-0.8384661907125219,0.6156218138871002,0
0.9087293832941163,-0.45995867245902805,0
-0.3039592047428541,0.9376646471873011,0
0.007784669237769068,-0.009310184145333321,1
-0.8569303900850492,0.6554651529529998,0
-0.9736028813622949,-0.1946248059345282,0
-0.530441823780592,-0.8071778646243818,0
0.2526047398829561,0.9717541793755419,0
-0.042684448593510435,0.0004828164945255599,1
0.8606507658060857,0.5140365905261525,0
1.0386395293043025,0.05796580925658662,0
-0.022327373029276235,0.016235849876667884,1
0.07968822139504876,1.031816672816181,0
0.9817788048612038,-0.1335781945754369,0
-0.8788392216536737,0.4656191768773578,0
-0.1372660897160234,-1.0023719767976573,0
-0.04146116715794258,-0.08115883713058428,1
0.7537678029769395,-0.7148304082243847,0
-1.044537914368493,0.266086944285744,0
-0.02591268399583775,-0.009506070097763365,1
0.9975951591029387,-0.27760570876551016,0
-0.0012735017703527436,0.039257129084531106,1
-0.011889137246130506,-0.10588482010433564,1
0.06428826193401838,-0.06154120127462125,1
0.032618694849079546,-0.03109220996352156,1
0.024803301781999812,0.057152403570363774,1
-0.9467869087570443,0.3789545643279227,0
0.9718717993838276,-0.44790040131963416,0
-0.13789514174333922,0.9969072249777194,0
0.018693004983672712,-0.03310631677772432,1
0.034306739642107696,-0.025566072666746882,1
0.13415818047992345,1.0106111741102577,0
0.46783772807088153,-0.8567892370562188,0
-0.07032787771017825,-0.06771767451368496,1
0.9975758483041244,0.23853091991984923,0
-0.03620565039464015,-0.02254992978561271,1
-0.1103475909360644,0.9748775387535723,0
0.0141725715750467,-0.06882618526869777,1
-0.05088024790136099,0.03859299350168894,1
-0.03256566473538211,0.08946700092348536,1
-0.7418142259245559,0.6643728894525263,0
0.3065123856772047,-0.9789481661329499,0
-0.081993388168586,0.1222310752204919,1
-0.2794820008672697,1.003196039371531,0
0.013927656204069936,-0.07339159695351274,1
0.0187493609001362,0.04158280611540071,1
0.8784081913536326,-0.48941953367185626,0
-0.3377867021771321,-1.0086707926948424,0
0.006916109947729069,-0.010391075500409304,1
0.04331483249200715,-0.04060960219431207,1
-0.9936984656324854,0.12744759115173396,0
0.04983876528833024,-0.04170605232599372,1
-0.7882049047713462,-0.5714197207618223,0
-0.37908760750896586,-0.9262005113209281,0
0.023226465505001726,0.055648665881572766,1
0.11435903692805614,-0.9820206725440677,0
0.8752298328774598,-0.6427264110312176,0
-0.0365724595797478,0.0124439560654577,1
-0.7774782478569119,-0.6605469909263746,0
0.26345442237507427,0.9527094495671848,0
-0.5398218414327502,0.8686838874980378,0
0.025989006491492793,0.02667898871361562,1
-0.05820635177915634,-0.019631626433217718,1
-0.04208954991722333,0.9741454500399349,0
-0.05370975412323744,0.09156349089472046,1
-0.054027473824818505,0.10539024653978651,1
0.955885765242845,-0.33815396957621924,0
-0.08296112671649505,0.0027782007883857237,1
0.07421086053414067,0.01444828167504868,1
0.06546742094371603,-0.9590089374612308,0
1.0058648774485797,0.37191247966342844,0
-0.045482073264776726,-0.002419572832147339,1
-0.08823629893379081,0.05223796822193827,1
-0.7570847728505794,-0.6279962186370681,0
0.07149610093324676,0.053034986341274945,1
0.13333195724409264,0.9979707324064122,0
-0.07490830384931124,-0.018873205652325614,1
-0.09781530389508623,0.9827130859284027,0
0.09369294239787924,0.014442382980126445,1
-0.8337232157657488,-0.4275685900847407,0
-0.028621696210223514,0.07787615485958888,1
0.017066404453490204,-0.0021591042494287505,1
0.9007340745980444,-0.47645726301919117,0
0.023904922944545548,-1.0692645544936425,0
-0.9321530992569325,-0.10596759967783397,0
-0.8633172759498431,0.45122951060712513,0
0.3716591171962483,-0.8901847129690432,0
0.09138347823762247,0.005487222122058447,1
-0.21523470370889236,-0.9531130475375773,0
-0.4244534166205998,0.9485666917283043,0
1.0328000329032487,-0.19811411028502418,0
-0.014431550597858247,0.08252877287214011,1
0.43812182099318353,0.9450507116811345,0
0.8675422194809268,-0.4805485474962616,0
-0.0395973419561553,0.10750878549609762,1
-0.9435723359310423,-0.27800924750676487,0
0.018390229557919358,0.015060330553575342,1
-0.737769311546978,0.7494143040467828,0
0.06743075468732522,-0.08011014108651739,1
0.40870637450285263,-0.8872951287484149,0
-0.9162354176608285,0.3002650746755509,0
0.9620356700479004,0.2229254170369242,0
-0.5811892114052557,0.871309575426046,0
0.031561318335984634,-0.061582943023155444,1
-0.2097367351703903,-0.963073974266428,0
0.06255260942788438,0.9662361104960665,0
-0.04906489379800821,0.06807931817606323,1
0.002096728307984232,0.02476116732828609,1
0.014641022829315623,0.08178072104626884,1
0.9650178391068132,0.2312010003623054,0
0.20734395299757055,0.939588762010579,0
-0.046414207085609206,0.09143532068876953,1
0.0958215321027512,0.0263688522079517,1
-1.0371446004662022,0.13718914209955305,0
-0.0294657387221048,-1.009154284265481,0
0.06298528052592771,-0.053872021285529814,1
-1.0959477526725365,0.18816205173997963,0
-0.9610059891249036,0.23482743479120738,0
-0.19792178544570352,-1.0416193260232212,0
0.08682686168725942,-0.011277873713627443,1
-0.6665008899989869,-0.7094121855533292,0
-0.021692164487328386,0.1177422853827676,1
0.04630516416202487,0.06563760825479023,1
0.06832957292885283,-0.07212785359896726,1
0.2932303865564402,-0.960190648894535,0
0.9479723491498263,-0.23844622063769355,0
-0.0014418516891331959,-0.07735526459878785,1
-0.07455441117347822,-0.086001231791956,1
-0.03787656969462372,0.10720773969813868,1
-0.07690079559046067,-0.013391114912336917,1
0.04589355989974871,0.007371826275438899,1
0.06225158387269245,1.0142201441246375,0
0.6172686746933148,0.8239057428904498,0
0.019871288662836273,-1.0228406324459596,0
-0.18967563283515154,-0.9854395123945536,0
-0.03511157165718597,-0.054132895729482745,1
-0.03540152175414421,-0.005601059510575469,1
-0.019740002237978192,-0.030244634721230058,1
-0.026936400450128475,-0.08831926396449807,1
0.8637768687295166,0.4478796767675116,0
0.07967063174435962,0.07650755546088511,1
-0.24936675526204155,-0.908383562882018,0
0.22454591856697942,0.9419310494404759,0
0.07525398456369216,-0.9679942217665394,0
-0.6141851568534756,-0.7903906855786613,0
0.034979656583589785,-0.006505570055250952,1
-0.9840665011665405,-0.009189107913105425,0
-0.02302222763098718,0.09019080898491932,1
0.06472608651151295,0.05720881169696874,1
0.03617422805755369,-0.051534708576273486,1
0.910089615729567,-0.07195139537429411,0
-0.8874025097245435,0.4630849952222804,0
-0.01999578970853661,-0.07183608878786424,1
-0.08400852458604166,-0.020344127732991713,1
0.7579875131954246,0.6008305317692756,0
-0.008885222638152494,0.08783307453297742,1
0.8079062191834764,-0.5228242539689545,0
-0.5751803653839683,0.859279566058228,0
-0.9131035399286884,-0.44949827258688013,0
-0.5775118222247412,0.7813981301798983,0
0.8209718142916964,0.6361448980911044,0
0.31375496314405205,-0.9187749799787409,0
0.00014239632712559,-0.06465340796791338,1
-0.2568579031987747,-0.9232512935318394,0
-0.00989039581455938,-0.13540098821020533,1
-0.3532015567561743,0.9578983473399465,0
0.2940527996761152,-0.9685910377185014,0
-1.0012650200860234,0.20769383381310114,0
-0.11726752450218371,-0.05444809229121712,1
0.021188607786438114,0.043841400274938325,1
-0.14228416573825753,-0.03280944566531748,1
-0.08515098431187604,-0.03841049305993437,1
-0.7544144133902984,0.7439474660118945,0
0.0839483382393619,-0.0489703952814546,1
-0.08683527927625465,-0.05585530152406924,1
-0.6535905099328078,0.7268526822754056,0
0.8376811511889033,0.5451030275948687,0
0.07148089894553043,-0.9747473045310429,0
0.07102518568643187,0.024236673382516182,1
0.03188987678376001,0.033308945137074525,1
-0.20798942856033192,0.9698934823801182,0
0.076785172465033,-0.02949627510546838,1
0.025967308680372798,0.03598271505747945,1
-0.06610620359813019,-0.06463193407972653,1
-0.28861034500230814,-0.92064454892557,0
-0.6935557066417699,-0.7151111742906869,0
-0.7160384791034499,-0.8325043530370232,0
-0.011710244396323989,-0.05236188537962996,1
0.9283301899943379,-0.2860125747781346,0
-0.04683519381034847,0.01352466076592189,1
-0.05982442200561244,0.029362432364348143,1
-0.5702563626530844,-0.7626905569653321,0
-0.027249174520860557,-0.05692745827102073,1
-0.31685689773200415,0.8954640810698143,0
0.06384676200115631,-0.004214359129237316,1
0.6613352364751687,0.7569799610434701,0
-0.06703896410039084,-0.006261028611744518,1
-0.0357917055894946,-0.08042505161847671,1
0.06142299039727643,-0.04423020574932414,1
0.6802902989208207,-0.7087121065131248,0
-0.00866980037210523,0.03410269033005006,1
-0.5636844973272039,-0.8438959929066607,0
0.03826205612761496,0.020400887258658438,1
-0.04728166661325682,-0.010803260070332155,1
0.04186847949467905,-0.04922291435767347,1
0.027496750654648003,0.026377951124499754,1
0.020140795322448543,-0.03768695142331006,1
0.7822479041135626,-0.6544413006262734,0
0.026810649062925754,0.02114009383093432,1
0.012692275339260504,0.0055755575272739485,1
-0.0033388552727758314,1.0686629268007237,0
-0.05044493100825899,-0.02075837380155853,1
-0.8080677389611552,-0.627387599175329,0
-0.9311502013771801,-0.3684184105186134,0
0.033860487800828225,-0.05594171325917759,1
0.5073675951483902,-0.8832055487915649,0
0.018132780143378317,-0.05732127934378654,1
-0.016127845299633188,1.023989329894878,0
0.11697804991607587,-0.003405323461339857,1
0.06349863658581095,0.0375155252347461,1
0.09483139126416937,1.068491185811469,0
-0.028709020419929634,0.008605548867107952,1
-0.040078962448583076,0.04886494188381407,1
0.0746729478788497,0.020905793942897336,1
-0.004128658976432043,-0.01359051246623309,1
-1.0105702258893128,-0.2965736857915779,0
-0.7212298682735442,-0.7485349690546769,0
0.01607716943974085,-1.0142566151284025,0
0.7411926086934574,-0.6575764949746404,0
0.09508000502332345,0.05884092803662937,1
0.6170659575880895,-0.8156988013130804,0
-0.9125015154079876,-0.37826869858069084,0
-0.03816875004965738,1.0451065394057866,0
0.349902623164903,-0.9224915054054552,0
0.002176206250259799,-0.07005062937093552,1
0.2307709593205164,-0.999535499813724,0
-0.5076509295999946,-0.7988000496395163,0
-0.0948517011986602,0.09298184139985466,1
-0.8904581969107127,0.534498674880287,0
0.03482702566009706,0.09813332445545406,1
-0.03484449703181866,0.043727991308275524,1
-0.626406678262134,0.7631533094390914,0
0.04689021314972024,-0.02296678374337862,1
0.8929686867534414,0.4685063955930005,0
-0.8124423024116096,-0.679353305673603,0
-0.006753009016438359,0.1126838973547388,1
-0.03961781244100954,-0.9529290777012496,0
-0.8412767391846363,0.5863689904980015,0
-0.044581334413555246,0.03618203019923443,1
-0.9968404601880684,-0.23584335307973645,0
1.0125058753083358,0.08604550088742526,0
-0.23147344344817405,-0.9911586057337358,0
-0.031040000286771813,0.07712765802601874,1
0.004798841552746678,0.05498992748519082,1
0.6325973978593269,0.7718416405827152,0
0.22981377190919797,-0.8841433418801521,0
0.0752498030271784,-0.015973785426634614,1
-0.010541638145116217,-0.03475955750423551,1
-0.19333877241395234,0.9356166930567985,0
-0.4275757145685589,0.9056031726781841,0
0.994064948180302,0.07796034336873514,0
-0.02606049598951724,-0.0472916705314049,1
0.06244224158406025,-0.002609947678635685,1
0.9995087884518318,-0.22505007453696022,0
0.47104058481905076,0.9859200709991577,0
-0.012211293956215986,-0.018184483887375508,1
0.11060783203605101,-0.013669772396233168,1
0.5797625529413231,0.835043345726476,0
0.0525055170288502,0.05025980255537788,1
0.03690330417082237,0.03028368284368427,1
-0.32474274437804024,-0.9194620169728825,0
0.8983556322745548,-0.4433269875975062,0
-0.07610761800144025,-0.006731636523584016,1
0.8521137467673457,0.6113060088057579,0
-0.06467483762731563,0.006218269277837966,1
-1.077795808778274,-0.020279897223239765,0
-0.3416313696302293,1.0380911209039159,0
0.17639404298049094,-0.9150446109550205,0
0.0033967270536681762,0.03800202200473113,1
0.02647458613877289,-0.03149191953861135,1
0.7445194096676856,0.6433728659608224,0
-0.001107040762290755,0.00129888928457067,1
0.03361439704898367,-0.012159610590387553,1
-0.03869382436100273,1.0184121130117285,0
0.10900774336940777,-0.005823675805470104,1
-0.008250476982169054,-0.01672010284609727,1
0.7030545025686824,0.6576985210076907,0
0.012126205186509052,-0.04820111622273567,1
0.07004728759418492,-0.006207968344469111,1
0.020155699477005056,-0.03770102128692461,1
-0.016848685892251206,0.0010135946252150547,1
-0.06268875418163625,-0.049460658048787756,1
-0.12155578914869128,-0.0028556349136879405,1
-0.4768683124493469,-0.9258094814193634,0
-0.0005465072237883298,-0.0037891533246973627,1
0.004407344794334888,0.035938867121868674,1
0.13595445439229906,-1.0604541940276733,0
0.9628389922957498,0.3552413765154646,0
0.8288370818338552,0.6109465984375375,0
-0.04756132600868614,0.06752471254084293,1
-0.5622921230942263,0.9280211523237378,0
0.938505203283389,0.38541565698660424,0
0.7494024868244168,0.6996043924124105,0
-0.04589841101078037,0.05563815747785206,1
0.20071703122270845,-0.9268251413930988,0
-0.3865821078263468,0.8957262827045006,0
-0.027645665806806316,-0.016019134501712315,1
-0.025432465253419464,-0.059863025871186054,1
-0.07366827079176655,-0.11100330763990308,1
-0.04533519331408618,0.004932796105434765,1
-0.47387184580258046,0.8745493792052019,0
-0.9729163340033831,0.048385852292996315,0
-0.059529556495925534,-0.025516054588867774,1
-0.33695542450775706,0.9036647641016996,0
0.10438138139509627,0.0885534225747657,1
0.7034791835945396,-0.6794378225294859,0
0.018343004041753087,-0.05724280614917626,1
0.03332897135427831,-0.07194758394562506,1
-0.05674241145026484,-0.010179882480371763,1
-0.12006603694337416,-0.9884818702014556,0
0.01771928629570405,-0.03355263322421938,1
0.7962235653846792,0.6632129102314751,0
-0.09310737457783383,0.054853022125586876,1
0.9554877041840731,0.2542521166079505,0
-0.8262263495928777,-0.638132452787327,0
0.9800166375243444,0.23927514595429683,0
-0.968630881534187,-0.019963671392642587,0
-1.020461707520856,0.2960848653255867,0
0.5159872638148091,-0.8851959128263978,0
-0.059659656828890746,0.04414654893104405,1
-0.05801888066593795,0.03346966293917894,1
-0.9703055148811571,0.30938578016159907,0
-0.011497208915339913,0.035128114368208535,1
0.6149331143283788,-0.8782518533871165,0
-0.8380860652185871,0.36675370121108675,0
0.04046988499696975,-0.03332114414963905,1
0.013960394158336213,0.022813670955749252,1
0.04110158303054975,-0.05812360828012098,1
0.7826910432003665,-0.7153442827637373,0
0.04687600528629689,0.06303711363368249,1
-0.8905108087612917,-0.4271821841611915,0
0.6740075683600837,0.7781298529934004,0
0.8433129567260447,-0.5233896848757232,0
-0.004236644899657312,-0.05981269909896884,1
0.6841214731755433,0.8246352496272096,0
-0.025216604604194684,0.10629330869776808,1
0.44962621196198777,-0.9524613764281858,0
0.5280884737928178,0.821655472897078,0
-0.0036714586786040955,-0.05975007660333624,1
-0.12204348931057499,-0.03247125272960333,1
1.0068781401608777,0.2202029218513159,0
-0.05814902907334987,-0.01391819692376923,1
0.043217321211296296,0.04744337344541965,1
0.05218819459977524,0.05751876204226266,1
0.8307767785313114,-0.6627933908304833,0
0.05853942509759587,0.09845705086389707,1
0.3746624972603462,-0.8960045358147855,0
0.9893501713727574,-0.09493318473580037,0
-0.04357332125561452,-0.02121540337010417,1
-0.0323856652832383,-0.03690257000930794,1
-0.12274516033219073,-1.0141594262734077,0
0.8726340655926405,-0.4351527819452169,0
0.19708943421640934,0.9108344684709347,0
-1.0218122482250023,-0.2148528648605204,0
-0.016863112590540564,-0.06123131551003251,1
-0.07144535805721919,0.0549607544657392,1
-1.0024874023482184,0.10443185165284839,0
0.5836157090389492,-0.7753343923947686,0
-0.035468040981732285,-0.038882354078947426,1
-0.785114239805173,0.4808526609589028,0
0.0595597753489821,-0.03903156513328136,1
0.38931304094951424,0.929520811916435,0
0.9314120087917549,-0.399090296316531,0
-0.11519563256128532,0.07365119064627577,1
0.9642495885544307,-0.046101706304537075,0
-0.4465486230195163,0.900194150131127,0
0.06676203155484461,-0.05209848339247583,1
-0.06717538015852033,-0.03870109224585609,1
-0.6426942992545276,-0.7692146620450824,0
-0.1323891320366855,-0.9639393094760014,0
-0.1642183731161506,0.9499227314843532,0
-0.9176523691425729,-0.29596689342333543,0
0.1106704041957254,-0.9865618898725883,0
0.056507522866674695,0.012705674814134663,1
-0.10278086232362757,0.002695415973120896,1
0.4155635089103407,0.9102924270805703,0
-0.07886976162494541,0.043336867039899585,1
-0.9054699053960332,-0.3489467877170262,0
0.91261110482487,-0.4691543773417772,0
0.011553041830063823,0.051686940879332455,1
-0.06281254080185036,-0.028975681722985168,1
-0.005096862624830091,0.024856285674136964,1
-0.8072323982955338,0.5651112247438576,0
0.367353013900216,-0.9109394535446472,0
-0.44080637778002396,-0.9491205988737471,0
-0.11529164546713498,-1.0257758325006872,0
0.85698249015459,0.22563689612164323,0
-0.34832970429339666,-0.9878816299169952,0
0.03917056222734434,-0.109368204863302,1
-0.5153470890498008,-0.8431228203600203,0
-0.7142104783743561,-0.6706934231765729,0
-0.038878632421498284,-0.029061588603329972,1
-0.27205732093559015,-0.9333532691432057,0
0.07145392597517658,-0.020801998031529694,1
-0.9589103526980219,0.07839032247785055,0
-0.6394480177660667,-0.6607132423700715,0
-0.010898509795676956,-0.004588045548196756,1
-0.8983807216921365,-0.1051484172446116,0
0.2926201500483549,1.0059016713523619,0
-0.027634307739054217,-0.004229519807736217,1
0.008422350054665621,-0.05512375144382351,1
-0.06173644745376748,0.03820951329291482,1
0.4776498280240379,0.8735977882731842,0
0.05653261344041805,0.01151525433932861,1
-0.5060859115200775,-0.8907716726029052,0
0.004546748867723192,-0.01165179249459275,1
0.6884581506582153,-0.7654908633327285,0
-0.037677895737242055,-0.07815742953897765,1
-0.1344179112699347,0.0002016366778081341,1
1.0550721670311465,-0.15356442949946186,0
-0.037620656912068576,0.041325251048992394,1
-0.05508168712342482,-0.044344048322769364,1
-0.06445639335128645,0.006065680537682434,1
-0.9704972918515739,-0.09430014124935898,0
-0.7174991562635256,-0.6546019632967529,0
0.01738913049671126,0.04260222577545453,1
-0.7913433182973308,0.6774608024119794,0
-0.16632234887421365,1.0678499168649573,0
0.03567035698505006,0.06075469992339438,1
-0.011197631871251432,0.9658946307300269,0
1.0661284709522045,-0.09870597274174465,0
0.2514114619662407,1.0123324937474705,0
0.4375554370943217,0.9130069150890825,0
-0.09504250368808853,-0.012758251278521114,1
0.00865745890671233,0.04677708377382621,1
0.9545768963025004,-0.12182704277326685,0
-0.03924668069075423,0.0031433468492859593,1
-0.0006376859763273859,-0.09442313043300593,1
0.6494495699358221,0.7414573490448487,0
0.07701152603930697,-0.00560020799054415,1
-0.10558774204268698,-0.03956078304809769,1
-0.9153301005042067,-0.31627918141544065,0
0.28876031917179035,-0.9873686670140172,0
-0.3621733538520001,0.9598601214728394,0
-0.7976547158185145,0.6712397520765925,0
0.007595788799444926,-0.009714368800954505,1
-0.7007038214080693,0.7722864466758673,0
0.8610738987551426,0.5020550614112234,0
0.8918495461054221,0.48076225483028256,0
0.5646874541770761,-0.8117231720227505,0
-0.019270818694162577,-0.07167995322540521,1
-0.885318333425425,0.4802433654874659,0
0.036793238179165536,-0.98486905025022,0
0.8761493237999544,-0.41021891871998006,0
0.9249378228270249,-0.32397063437280627,0
0.034798141879476344,-0.01815747751732738,1
0.6653448477544625,0.8562854833244458,0
-1.0752508622679628,0.03861949136238365,0
0.0635403659541972,0.03780050278467631,1
-0.8554386342435749,-0.6862788558016008,0
0.0051905861129037285,0.0038380223757208676,1
-0.007390058608930092,-0.007957050994018597,1
-0.049001727335314334,-0.03168527221968487,1
0.9741615865951684,0.09606774784500599,0
0.0018095459880881001,0.011661444396848915,1
0.9126688663207065,-0.2430144250554973,0
0.8204786241362025,-0.37125385883448514,0
0.020122779268730198,-0.021025924356001705,1
-0.026653612284565708,0.04325361518359553,1
-0.966110017574631,-0.4408432946447442,0
-0.9743637371445677,-0.005543968589662877,0
0.02174012700224952,-0.00046934389578156405,1
0.04907927548165504,-0.029578726532232393,1
0.10180477704088306,-0.0668020767925541,1
-0.011360320071163138,0.02867231298367364,1
0.027080075239983854,-0.010719981996724753,1
-1.0167422868360645,0.3414383911457872,0
0.45961473133891495,-0.820818938319692,0
-0.06777027937894549,-1.0102222780959251,0
0.0420605188589791,-0.10652376788494577,1
0.7059375845380733,0.8015694836898136,0
0.021584222940855154,-0.03423677190910583,1
0.04984426384160376,0.09694741952344635,1
1.0456690211861923,0.23709077838960055,0
0.5473487435330386,0.842554560836667,0
0.05835857144378023,0.026045174498587374,1
-0.0072811179904460205,0.003169443145623416,1
0.04790705391948581,-0.029956005690431903,1
-0.013068261166106078,0.9186291225653507,0
-0.9356306927935322,0.24110866454102797,0
0.8982610201549717,0.4750515291897815,0
0.05185070154459689,0.002446830231819747,1
0.09471610600062023,0.13396137141904543,1
0.081346913612122,0.028670917266548968,1
-0.005097942638570101,-0.006460417873088504,1
0.0022398990635273683,0.07382348346111961,1
0.028303251330937723,-0.9860490095826782,0
-0.7782966043639291,0.52517319685578,0
0.10299274936906372,-0.021256293897993613,1
0.07091368442373727,-0.031700289697041716,1
0.9668054257765571,0.0907352744845096,0
0.9366546614707152,-0.10223922623117578,0
-0.06274027014540492,0.040355787278157175,1
-0.01877129445940999,-0.04473232179248807,1
-0.031215987958254074,0.03671529228469301,1
0.02280857728367973,0.03010304128351611,1
-0.9897990196462344,-0.1699659796389289,0
-0.8721973319201065,-0.408186747310456,0
0.0874728641682241,0.02143135365409768,1
-0.04036581202291098,-0.02328857963786647,1
0.09023068351380367,-0.1314703814446496,1
0.10890218331038724,-0.03323980405826225,1
0.764001592530654,-0.5677241329721467,0
-0.6855136622740163,-0.775500653910204,0
0.610587726603536,-0.7002611783085906,0
-0.01305434105400647,0.10113744817064776,1
-0.8441650872711256,-0.6064869098819236,0
0.7187459698518575,-0.7228327461726334,0
-0.07877184719357204,0.07954976499004296,1
0.0005032635119038287,-0.014272472632064635,1
0.7171044248040784,-0.7698384338340023,0
-0.5633131970521373,-0.9147061311469828,0
0.34442437547452337,-0.9533829017578851,0
-0.9717014989938775,-0.13025140229559865,0
0.08781465996165752,0.00623482373335936,1
-0.02127274919515812,0.05344372021226976,1
-0.03411960446909433,-0.011743064550282411,1
-0.9006749138580974,-0.2770013843421828,0
-0.003167216536190039,0.010703722609728593,1
-0.08493941383771603,-0.025005105319807746,1
0.0322972391864726,0.04517904801129784,1
0.01488448765120682,0.05719383323032663,1
-0.04808377092841702,0.06582271086857283,1
-0.06002248830704417,0.006709900102848515,1
-0.014752471776699241,-0.07623275794362477,1
-0.026439399076319023,-0.010477862470583181,1
-1.0079105644885262,0.18530064566427606,0
-1.0198918864905406,0.10303503597248531,0
-0.48869275763992964,0.7978669490977051,0
-0.023034407670537785,0.031635994930223586,1
-0.5915208180281301,-0.8138032275475722,0
-0.0176672129416824,-0.05363781458053584,1
-0.10439008461174029,-0.04818264941359281,1
0.6331661081341423,-0.73263047851523,0
0.015085138588582583,-0.001526515885667181,1
-0.4942121616086436,0.8416034809556272,0
-0.30011912365621735,1.02471041645913,0
-0.9036560117080165,0.26633873077981485,0
-0.05417291735456519,0.12609386617736,1
0.3137225426738535,0.9273550923929439,0
-0.9100362535693087,0.3648535405275979,0
-0.045284586309541394,0.03575528195932276,1
-0.00914449611537324,0.06426108413331484,1
0.9408232195616401,-0.30021115391318454,0
0.06345723940123876,-0.03193618194956641,1
0.00805747755355226,0.06922538763161319,1
-0.020118491733717814,-0.06362941311068593,1
0.9990446672467307,0.41438031305076345,0
-0.9403599346483122,0.34916772552813885,0
0.6463994596743463,0.8132823359118682,0
-0.8628522953206323,0.3485901618179101,0
-0.9084307370061427,0.4645091801125335,0
-0.0019990746874548283,0.015279733542401953,1
0.3066093153731497,-0.9435968892189913,0
-0.05846070199411096,-0.07896816938385479,1
-0.055014335097495266,-1.0296856052558392,0
1.1088008571130088,0.1372799007833799,0
-0.0010884129747414026,-0.001264802993994181,1
-0.3177016434306411,-0.8936846316072049,0
-0.7622454537191802,0.6303367830763708,0
-0.009480065008140956,-0.012260169373206575,1
-0.008485164528115277,0.028237831967193202,1
-1.0287650073073873,0.17066688892398915,0
0.006106652406766187,0.01572221454407917,1
0.5614533849400173,-0.9127533936632031,0
-0.06211001208563767,-0.017118450715060816,1
0.03067091941146989,-0.04001937813315439,1
-0.018125856444588157,0.048886908613150835,1
0.012236031408937122,-0.021796028391730917,1
-0.8329744926427816,-0.5210439860535759,0
0.6873779212081526,0.7337548595142283,0
-0.07095342331807804,-0.042131856804998556,1
0.005506580063410617,0.0348415099490128,1
1.0095068225216972,0.17006610995872923,0
0.6854086083757877,-0.7298422555831575,0
0.9724421249872531,0.2263273672995398,0
-0.08699796348112554,0.011210749683813463,1
0.02397308715890874,-0.12537285003367743,1
-0.08339681890579276,0.06346957736965513,1
-0.03515004539526029,0.023779882727469316,1
-0.26916199805304625,-0.9267275873409109,0
-0.8649290157308518,0.49301230955393266,0
0.4526924336132869,0.93134726160515,0
-0.7839007121466522,-0.6676445128366267,0
-0.48643528913175754,-0.9430106200605266,0
0.06110924701888412,-0.9487364645619727,0
-0.3998172482115026,-0.9597216230787234,0
0.9381782308283018,-0.36014104430704086,0
-0.050336441678351204,-0.05794394306800092,1
0.01880935489320552,0.012984976409280664,1
0.023798905064677037,0.13396998198218601,1
0.020984941206142443,0.03538511617858996,1
0.9276079251235333,0.4496640712581317,0
0.04278869778793957,-0.041099977000837146,1
-0.040472703375516575,0.008279717594654068,1
-0.006683061237287631,0.01508631227802788,1
-0.5588541474981237,0.8410350649266262,0
-0.004331509866770267,0.012414164185744724,1
0.010201333850303775,-0.0032255223435070576,1
0.3750552129002256,-0.8441410449706174,0
0.07285603296405602,-0.018962710940198663,1
0.03081210359087179,-0.07105541363597803,1
-0.8127996103368289,0.6018081607673201,0
-0.9186158908836788,-0.47155400769507233,0
-0.007511338272140924,0.001323439843513248,1
0.018870808251746758,-0.0631286956503446,1
0.013275040001658231,0.019783155203309505,1
0.043594521426216545,-0.033704635854480657,1
-0.08442186674951976,-0.1512379505952336,1
0.04398887914887086,-0.03005444992276086,1
0.03470897528246043,0.055372255818949195,1
0.03682137208896056,0.014628754491366101,1
1.0431493575484978,-0.12465166392923965,0
-0.043995910380342756,-0.005596251023678271,1
0.0517190816327383,-0.013449469085303098,1
-0.113409778822913,1.0553257165730014,0
0.7160538491865537,0.6775636769908522,0
0.0423080412671357,0.07015493501372366,1
0.9790927840938479,0.34428635617478776,0
0.3155557502590788,0.9485044962804486,0
0.003637382335072749,0.016355016840975168,1
-0.03646645008512123,0.053179404421642,1
-0.026344477533090993,0.022389254234734854,1
-0.10064207581763064,-0.016103879167288542,1
-0.015968224694839238,-0.06726207069154014,1
0.022624270855596037,0.021424033461423374,1
-0.1420736546343755,-0.9464371890345471,0
-0.7544716832768567,-0.7075936510239161,0
0.003064870776362749,0.012473852374454874,1
0.013241628633742779,-0.03683383627423439,1
0.05741943478089735,-0.0680562555995187,1
-0.9517126635900931,-0.06746934434769425,0
0.06961085542239037,0.04247479758384991,1
0.9282257279624382,-0.24454285540402892,0
0.6883150644850135,-0.729379075173893,0
-0.03882838032736818,0.013589314302760898,1
0.9607432677283435,-0.29881664407998937,0
0.9877846156060142,0.23149198303674512,0
0.6943948047574642,0.6750436811611037,0
-0.3150917842835521,0.9622283104590216,0
0.9761542179038247,-0.16839959878319596,0
-0.03498302493344356,0.030068112635806245,1
0.09258336554183427,-0.00913566260472213,1
-0.0038446328756696208,0.07818616889241241,1
-0.968269656302329,-0.0731472516343667,0
0.8538379205509113,0.6161809188226276,0
-1.047895458646624,0.17574628570090778,0
-0.49861043692449747,0.8619343934204834,0
0.9007751943523059,0.42208937458313983,0
-0.6050097866816532,0.8273770153426355,0
0.03348830655628293,0.06991338447576721,1
-0.04809875834939728,0.04081524893291174,1
0.1266579327386123,0.9980907789225483,0
-0.9499727489492531,-0.2685914087572717,0
0.8545697981981579,0.6117452716955021,0
-0.8429801671620605,-0.4721453412182001,0
-0.08536249016677708,-0.011009700193394353,1
0.5995668067760664,0.8048864082823721,0
-0.03773049613209781,0.08519736601880992,1
-0.03810465620795796,-0.9869207969239776,0
-0.8878657529913104,0.4727026970497949,0
-1.0378929129047867,-0.19399359745581868,0
-0.6968061515582789,-0.7129130611395741,0
-0.061940228112145196,0.05088085878071897,1
0.7579369296200138,-0.6436307618811122,0
0.08672575191446014,-0.008871920734930176,1
0.9596442485749644,-0.016369061480509296,0
0.8794542459373018,0.42788026177087496,0
0.9620206534115363,0.03617340853197912,0
0.009423873686289046,0.07226145533767604,1
-0.43439320782395247,0.9761718238885823,0
-0.9185767924032678,-0.4763799001207304,0
-0.8536811825613352,-0.5468963195747676,0
-0.013862993189310013,0.08474325317329076,1
-0.015648560022714406,-0.05143659162216498,1
-0.02720564840888423,0.08966039357843603,1
-0.9371930522943999,-0.26547529592494645,0
0.08715284332458437,-0.07268526231548765,1
0.07697638493515489,0.05985917741391509,1
0.9711884326473741,-0.18180291824556738,0
1.0072341097639042,-0.03959511028538423,0
-0.6935020031859931,0.7340634676628567,0
0.009055520644974453,-0.0496023016206214,1
0.007210111010962882,0.023736011375892208,1
-0.02189450294453349,0.005093900661371845,1
-0.07001726528276282,0.03685971940152912,1
-0.011134967845603229,0.02589665525189646,1
0.8570493566020463,0.43884898772795244,0
-0.3472497888080875,0.8635872810685872,0
1.0126145280034595,0.06615952980189499,0
-0.09324076851744628,-0.07630488860594124,1
0.049787382319349996,0.07553895990684958,1
0.9374718706132322,-0.06012930484697744,0
-0.7590253386123705,-0.5780763191574403,0
-0.9001060067841467,-0.4862179816348949,0
0.11458553165729315,0.03134066258377598,1
0.4900048851556955,-0.9218077386313801,0
0.5780672808996721,-0.802806165795593,0
-0.22820686741125812,0.9321795303784994,0
-0.8614525725351455,0.30710753725565865,0
-0.020205920687350352,0.0008210434168644323,1
-0.6584113697842805,0.7422617413769922,0
0.01374234857607266,-0.03844358960934832,1
0.05891287890213083,-3.469250164273713e-05,1
0.004115680462122549,-0.03939325797954283,1
-0.0738345222204142,-0.0016767153873347915,1
-0.01662682843854818,-0.08754111649973831,1
0.04619414313731924,-0.06876768894216534,1
0.05543265628195286,-0.06271731426737912,1
-0.0949880086056279,0.04660315409461445,1
-0.06438924834817358,0.006111062483181225,1
0.0389938153236479,-0.08125368634286456,1
-0.04514887641777206,0.057641942745815786,1
0.07841009954188613,0.031975985085218935,1
0.1594223194537427,1.0422024102543088,0
-0.08972264787670003,-0.04280852843404421,1
0.968925946814493,0.018106959717477396,0
0.176634655226861,0.9495637522756937,0
0.06583760973424777,-0.02210729374961557,1
0.03306741484387595,0.11138806840549043,1
-0.06524102915829896,0.019388908367232338,1
-0.42599425969041926,0.9643485300810585,0
-0.7406812924991735,0.703749919759401,0
0.026955805474524065,0.04871751043240874,1
-0.07298093290657157,-0.9622516749390295,0
-0.9758991060974762,-0.24865024115452922,0
-0.10810866399541506,-0.006172485776322768,1
1.0354455044515567,0.02426376973223213,0
0.03857282053977467,0.02409334067837511,1
0.019225387874392805,-0.026335676833894883,1
0.07690919559280666,-0.055137582510145444,1
-0.010162006506912923,-0.009170984104617646,1
0.013330051921591327,0.0522816018478899,1
0.15509268544833701,-1.0045270393190244,0
0.38105990472390605,-0.9150556304403727,0
0.03115880798190569,-0.00521335731469752,1
-0.06636723816775472,-0.08950214463491409,1
0.9293578171879422,0.23335155889836146,0
-0.07924289580861824,0.0004214552235164218,1
-0.5800928153567255,0.7776489783218518,0
-0.5408605980216757,-0.8283939124299791,0
0.029024998601085303,-0.9803363354092248,0
0.07232904252517969,0.041644593264841226,1
-0.5865006089027669,0.8153269475815887,0
0.060253442410262495,-0.08282565888340844,1
-0.06417745836966607,-0.022475813517182978,1
0.0674640263179439,0.00319467152854562,1
-0.3511896997729331,0.9603064131632978,0
0.08861502881307667,0.061526825117677486,1
0.4348721292320216,-0.9194015104648516,0
0.05390441118949493,0.06584381497753253,1
0.02519192100182868,0.07536411152336776,1
0.007369919738598345,-0.11457120617315272,1
0.06237478042504449,0.041809427816491364,1
-0.007068944421522344,-0.10574290305758767,1
0.03426628741888095,-0.023617652607936062,1
-0.04523341147522111,0.09133146993083743,1
-0.6876088894837828,-0.7600420951323545,0
0.0037429808019922364,0.005028862840193542,1
-1.0654688834184565,-0.1511643213824371,0
-0.0005152431774290249,-0.009339647128680358,1
0.020097688956273698,0.04287579601949607,1
0.9632822832109548,-0.2975764684345347,0
-0.4436468206577313,-0.926299844774426,0
0.00956690396588504,0.022094508454805678,1
0.07147868937920258,0.0024865899401985336,1
0.29766044085964205,-1.0157771255798047,0
0.6084353801841379,-0.8422926500108275,0
0.028179644163964797,0.01981056977949771,1
0.01620507764245447,-0.09171486668664025,1
-0.08564999590831328,0.07420990979167615,1
0.8848281894642923,-0.1795735949847731,0
0.5968241059247646,-0.8991345215969735,0
0.07771228428659091,0.976022553848713,0
-0.026493414028258867,-0.09055957528374445,1
-0.06260467288323728,0.048623106666606505,1
-0.037366626081031,-0.041835426098083876,1
-0.01615025841696376,-0.06888507828796818,1
-0.029505932454832906,0.019152422026475564,1
-0.006526402382784187,0.028281405658420807,1
-0.0193967926948165,-0.0421811410996386,1
-0.9773306540711424,-0.03348967539543141,0
0.10101085791144676,0.017585733288241506,1
0.02471134958249258,-0.01682750930798753,1
-0.03847520313838742,0.03019811816628755,1
-0.9908481042187436,-0.006310631370021563,0
-0.03453554464325907,0.023932526244955,1
0.005670307990732971,-0.030780588407251622,1
-0.0912307445746141,0.5670852030238858,1
-0.6127025022159194,-0.047690184339609185,1
0.25457191126163525,-0.451342539564966,1
-0.7685928424048014,0.5696784915124814,0
0.283575289337913,0.5147074011672285,1
-0.49442395241614356,-0.3147194241256538,1
-0.24093019596587756,0.5408601852969541,1
-0.5957777614906372,-0.01803443526850956,1
0.45709395018921856,-0.9556136763832437,0
1.0256509031923087,-0.03371316556738218,0
0.6283886361767541,0.08283410568137836,1
0.8429989117921683,-0.4862630155522451,0
0.12297448980748964,-0.5691924311761145,1
0.543409861064005,0.2588940820742519,1
-0.5940383805913609,0.7131120340836351,0
0.7698597150111536,-0.591571724059044,0
-0.6401873870670042,-0.023346816670425083,1
-0.3214046176831861,-0.43609075432592753,1
-0.9863019256722928,-0.29050306922351277,0
0.7136839316916319,0.6839880369876292,0
-1.0099387716643855,-0.02722542562650771,0
0.014111512314760363,1.0315324875907472,0
-0.4601438008146321,0.32487516895585805,1
0.11895561244845626,0.5683922418778182,1
-0.2971269450652829,-0.4648722530160868,1
-0.38658838303291654,0.39898362792343656,1
0.4480415734137911,0.9073458672946905,0
-0.5735651354439331,-0.09586091757111818,1
-0.4180493052738433,-0.39886388603758083,1
0.2489405675114253,0.5002932553512551,1
0.5486253105011217,0.22476331775725106,1
-0.19218383647613807,0.5568796316394224,1
0.6993693112199911,0.0011420562045996226,1
-0.2580093575670608,0.5112918136716852,1
-0.47959447405031086,-0.3745073191968499,1
-0.9974053035389424,-0.057587370122705414,0
-0.4084237115232385,0.41143638749373895,1
-0.07404498689218346,0.6608096126928283,1
-0.5396668336592323,0.34066134436940493,1
0.0748470383108625,0.5490800787350958,1
-0.4915777156326004,0.34564699193525483,1
0.5475712661259923,0.8586888310832312,0
0.09366179466959965,-0.6017249311404977,1
-0.4690366535562437,0.3717000360931276,1
-0.9820208718675949,-0.009360846082166412,0
-0.1346541707289603,-0.5174990103801376,1
0.5737650664678565,0.12240458828028485,1
-0.7944889921244742,0.677371746916807,0
0.5548948565067519,-0.3169021071684684,1
0.16453828350556118,0.5450324605969856,1
-0.17598413915821035,-0.9512055249944404,0
-0.19635879022873107,-0.6061363525565037,1
-0.638618589744717,-0.10273706418250894,1
-0.2873184357654796,0.5275945485121675,1
0.6049311258126501,-0.7249096478656931,0
-0.28798282793635166,-0.5295507623171644,1
-0.6812158123750354,0.7518801783006551,0
0.5217773924922475,0.8302545802307293,0
0.32874309926458867,0.58112735692954,1
-0.94611777114325,-0.17467754273085015,0
0.956571735752407,0.3405269296797875,0
-0.4361582892794149,0.9447621429107986,0
0.935185815690104,0.3952215745220851,0
0.779426097905216,0.48461308629856303,0
-0.9588464372942392,0.14753768868651662,0
-0.8212216464000358,0.6455973993499339,0
-0.5891636175113524,0.05075080435524753,1
-0.7496112563813453,-0.6091493980667891,0
-0.3805283872762061,-0.43044583888551063,1
-0.3420648156627186,0.9021690304502719,0
0.19254861209721527,-0.9041134022104692,0
0.7083412415791972,0.6964302470387188,0
0.11708200272606374,-0.5323591857120099,1
-0.47018939645285196,-0.37010450754263624,1
-0.0066063957807347695,0.5945001432699887,1
-0.3244953400248337,-0.9784561689050875,0
0.2861772623173732,1.0070980252961892,0
0.7347992424812182,0.5666156005752203,0
-0.813220362487886,0.6069282081392586,0
-0.5489153114334265,-0.22781313611070958,1
-0.6115016614335357,-0.8318432487261108,0
-0.8162239059419049,-0.5712581355319034,0
0.4101045150102161,0.9460346268651801,0
-0.9923838626435838,0.12260438659123885,0
0.5519174929498911,0.8128549792615162,0
0.18606599704278726,-1.02466640780007,0
0.11246415580302985,-0.6405881158615948,1
0.4667888884519163,0.3326931045346584,1
-0.08234727499911615,0.5645820136903392,1
0.5784334065482726,-0.3839773672755663,1
-0.22453767131431224,0.562311598430664,1
-0.45452203458692536,-0.38324777194773574,1
0.59081456865254,-0.7963340104599919,0
0.11933634757664349,-0.5517592520431713,1
0.18789603865581422,-0.6039038728650251,1
0.06901809467966785,0.9353853295838822,0
-0.904098139474576,-0.3179279005640317,0
0.9560478274095833,0.1366110815643965,0
-0.27470996489595045,-0.5251826545710078,1
-0.3767939416025116,-0.4612536160097027,1
0.7917535603221751,-0.6079618824839002,0
0.572048995774115,0.2386522782681903,1
0.6743598507539071,0.7224978662952286,0
-0.23189328416471028,-0.9609230035348088,0
-0.038593820481573844,0.636767632675145,1
0.6337012665838577,-0.12290887807869832,1
0.4185120978925611,0.9264631017831634,0
0.9423435008681806,0.32979638669246825,0
0.6734012744676647,0.7689870149557438,0
0.8270442232834299,-0.622381083970111,0
-0.8425184294496189,-0.557472373648292,0
-0.5437245788106614,0.12272101101077301,1
0.547937676007448,-0.840902357859989,0
-0.5189033861056287,-0.34895443670017806,1
0.2460770588846672,0.5544334269457915,1
0.3161959081747415,-0.4760242235726667,1
0.3929108697128467,-0.4432023412949059,1
0.6535246093821587,-0.08043176351819134,1
0.3920683687969828,-0.8839046321566897,0
0.016947431332313186,0.5976144011352357,1
0.3006394688012078,-0.9311041364038329,0
-0.9396195936334053,0.2804810091390195,0
-0.288622935004041,0.5228100183236398,1
0.45738087149840023,0.33102106754177174,1
-1.0516285725546548,0.15809473063832158,0
-0.4087761797340113,0.553860437090371,1
-0.4496768258612175,-0.226024073972727,1
0.37212544727314606,0.9657967097407403,0
-0.5758690977633023,-0.2671813832609386,1
-0.6040960891087109,0.7890931099554471,0
-0.8128459043740143,0.6528121861848152,0
0.6744283973818443,-0.7135322480228664,0
0.3710494779052853,0.4685152141541713,1
-0.7151921112671448,0.6267516728554738,0
1.0226922795323434,-0.03567600641278355,0
-0.24552012646105492,0.9493057543568507,0
0.3853019321792405,-0.4575774028831873,1
0.3987115185877049,0.43907227875422006,1
0.6004501396533448,0.180485045432529,1
-0.2283441603391747,1.033056190189208,0
0.5413642861854298,0.14620440397647902,1
0.45519134088631524,0.8491210266361011,0
-0.6436146510165696,-0.8188228089296856,0
-0.572917549527084,0.20051528933243742,1
0.35031537850213507,0.9567374281016334,0
-0.4007375279909894,-0.4166457518327026,1
0.9422133315387458,0.5010423574969529,0
-0.47000969307842055,-0.9127153873116977,0
0.15029511050531433,-0.6994940264184561,1
-0.42202843550244634,-0.41648373293037944,1
-0.08744724547939182,0.606421631271349,1
-0.1372272592591555,1.0746082672928527,0
0.5174441843906064,0.813609403060042,0
-0.020787282486553163,0.9976280200567539,0
0.09956342785300377,0.9898815000648507,0
-0.29588788405280847,-0.5344434493152245,1
0.9023579114460104,-0.43113116577676336,0
-0.11209597037361986,-0.5771315569419566,1
0.1735700870633455,-0.995976600440083,0
0.33429846990124157,0.9097936879405486,0
0.35767089156053866,-0.488592921565341,1
-0.599105419822938,-0.16887747262538258,1
-0.9730449761224986,-0.26408089897018433,0
0.21632921169057742,0.9509089384773205,0
-0.715413821544004,0.6852491691997663,0
-0.3545752515073012,0.5473125480912908,1
0.12700071690772075,-0.5660161639127903,1
-0.013608354749776041,0.9866723207174192,0
-0.8253707080505588,-0.431314636781385,0
-0.5602052246603844,-0.7657912083670955,0
0.8944071414968151,0.5413716646279083,0
0.46444802178647693,-0.8899271635879658,0
0.975880114219641,0.10770061080533946,0
0.6941183012535295,0.7026194330934274,0
-0.9142402092928892,0.45390023429042564,0
0.9055383451882932,0.4951743868522182,0
-0.9270472307742157,0.21673339158165505,0
0.6408731472313036,-0.07184755574224758,1
0.971376740901457,0.07594851045160092,0
0.49187794686872793,0.24629977029509761,1
-0.4327113400554777,-0.41583562598212453,1
0.8904401060050211,-0.571526803301835,0
-0.34749613679690783,0.4336042421612238,1
0.37175575463551014,0.48014653580910643,1
0.0917987987124196,0.5629213924684037,1
-0.5937412306767882,0.07000154134900025,1
-0.4047551104555632,-0.834107799437638,0
0.8043290968095705,-0.5800478883187007,0
0.9491385595115887,-0.4487598191525252,0
0.5479304015883465,0.1390751373891454,1
-0.7711207506253943,-0.6438341906809566,0
-0.621101595302582,0.1498238798875577,1
-0.5444576712820458,-0.8686309886747168,0
-0.8802407569265374,-0.5032017533122306,0
0.5914864266146067,0.22180650259776005,1
-0.4384649868515029,0.8666998083426953,0
-0.502807011429638,-0.21741662044877832,1
0.45565454575020353,0.46496100372196547,1
0.6136760187317007,-0.08695845769478258,1
-0.45186159972909573,0.22701793037923876,1
0.5655175767906241,0.8963928668866712,0
0.24644527737540872,0.9503604771524162,0
-0.8384661907125219,0.6156218138871002,0
0.9087293832941163,-0.45995867245902805,0
-0.3039592047428541,0.9376646471873011,0
0.21025317321434212,-0.5206872513838715,1
-0.8569303900850492,0.6554651529529998,0
-0.9736028813622949,-0.1946248059345282,0
-0.530441823780592,-0.8071778646243818,0
0.2526047398829561,0.9717541793755419,0
-0.573644349951811,-0.1429800119649177,1
0.8606507658060857,0.5140365905261525,0
1.0386395293043025,0.05796580925658662,0
-0.5598248409917826,-0.10036806058046212,1
0.07968822139504876,1.031816672816181,0
0.9817788048612038,-0.1335781945754369,0
-0.8788392216536737,0.4656191768773578,0
-0.1372660897160234,-1.0023719767976573,0
-0.4517287971412427,-0.44746536421942273,1
0.7537678029769395,-0.7148304082243847,0
-1.044537914368493,0.266086944285744,0
-0.5737861690245827,-0.057824228200672206,1
0.9975951591029387,-0.27760570876551016,0
-0.02200310223881676,0.5888663390368551,1
0.28862775345771763,-0.5665252421275134,1
0.24733901142166104,-0.5801859960156966,1
-0.008811048191283408,-0.5795296051068591,1
0.3911098288708381,0.4674200335536639,1
-0.9467869087570443,0.3789545643279227,0
0.9718717993838276,-0.44790040131963416,0
-0.13789514174333922,0.9969072249777194,0
-0.43029358291077835,-0.35077130365997156,1
0.5732270184534434,-0.13540656194967082,1
0.13415818047992345,1.0106111741102577,0
0.46783772807088153,-0.8567892370562188,0
-0.29192641735269276,-0.5711003194551896,1
0.9975758483041244,0.23853091991984923,0
-0.23223218368692788,-0.5364308481367493,1
-0.1103475909360644,0.9748775387535723,0
-0.034145586527862065,-0.6166996702974427,1
-0.22739923329532621,0.5594970612487983,1
-0.4519090457916785,0.4453477797866797,1
-0.7418142259245559,0.6643728894525263,0
0.3065123856772047,-0.9789481661329499,0
-0.5186881074248955,0.4565927389525248,1
-0.2794820008672697,1.003196039371531,0
0.164051220738599,-0.6025068163258599,1
-0.4456309981259721,0.33628754335384886,1
0.8784081913536326,-0.48941953367185626,0
-0.3377867021771321,-1.0086707926948424,0
0.4171837399310292,-0.3766976025892478,1
0.5317898793394567,-0.29337852553613025,1
-0.9936984656324854,0.12744759115173396,0
0.30872592797926335,-0.5269662268652179,1
-0.7882049047713462,-0.5714197207618223,0
-0.37908760750896586,-0.9262005113209281,0
0.47221305339945285,0.3733136527638199,1
0.11435903692805614,-0.9820206725440677,0
0.8752298328774598,-0.6427264110312176,0
-0.13963218260189633,0.5527019439662365,1
-0.7774782478569119,-0.6605469909263746,0
0.26345442237507427,0.9527094495671848,0
-0.5398218414327502,0.8686838874980378,0
0.5744264016348304,-0.014750754326747377,1
-0.31097527512097456,-0.5081066732806673,1
-0.04208954991722333,0.9741454500399349,0
-0.5066526828188725,0.4035614129144365,1
-0.12296075228518591,0.6510533322627492,1
0.955885765242845,-0.33815396957621924,0
-0.632570336668819,-0.01795139968007838,1
0.5880917788852773,-0.18157825161723906,1
0.06546742094371603,-0.9590089374612308,0
1.0058648774485797,0.37191247966342844,0
-0.49044142017099773,0.32086231592871295,1
-0.5206949366089312,0.3920607554216221,1
-0.7570847728505794,-0.6279962186370681,0
0.17455582395539526,0.5932929742420537,1
0.13333195724409264,0.9979707324064122,0
-0.6248648781614101,-0.0119618837164818,1
-0.09781530389508623,0.9827130859284027,0
0.6050700096364175,-0.18802612099644636,1
-0.8337232157657488,-0.4275685900847407,0
-0.5037795756662828,0.35486891575925733,1
0.5357111991945656,0.18089164523821394,1
0.9007340745980444,-0.47645726301919117,0
0.023904922944545548,-1.0692645544936425,0
-0.9321530992569325,-0.10596759967783397,0
-0.8633172759498431,0.45122951060712513,0
0.3716591171962483,-0.8901847129690432,0
-0.04539595970304748,-0.5272335164986887,1
-0.21523470370889236,-0.9531130475375773,0
-0.4244534166205998,0.9485666917283043,0
1.0328000329032487,-0.19811411028502418,0
-0.2854315884494185,0.5611298379403792,1
0.43812182099318353,0.9450507116811345,0
0.8675422194809268,-0.4805485474962616,0
-0.23562387524844325,0.6213897038472342,1
-0.9435723359310423,-0.27800924750676487,0
0.4421725130846035,-0.33552286380820395,1
-0.737769311546978,0.7494143040467828,0
0.3962784953689606,-0.5209719827654995,1
0.40870637450285263,-0.8872951287484149,0
-0.9162354176608285,0.3002650746755509,0
0.9620356700479004,0.2229254170369242,0
-0.5811892114052557,0.871309575426046,0
0.5292161971922954,-0.29576155338394516,1
-0.2097367351703903,-0.963073974266428,0
0.06255260942788438,0.9662361104960665,0
-0.25794339633499885,0.5768717819350151,1
0.043526471348347244,0.5731985624716237,1
0.46758395152495075,0.39377864306598487,1
0.9650178391068132,0.2312010003623054,0
0.20734395299757055,0.939588762010579,0
-0.5839116750481156,0.20803923114589967,1
0.6318113121353686,0.14971777073011133,1
-1.0371446004662022,0.13718914209955305,0
-0.0294657387221048,-1.009154284265481,0
0.592100499898275,-0.20399558582005867,1
-1.0959477526725365,0.18816205173997963,0
-0.9610059891249036,0.23482743479120738,0
-0.19792178544570352,-1.0416193260232212,0
0.3272405333452725,0.4833950146478766,1
-0.6665008899989869,-0.7094121855533292,0
-0.11114260534451435,0.660419554697095,1
0.3968883585238042,0.48941989178147427,1
0.6167669680721904,-0.03069811055860426,1
0.2932303865564402,-0.960190648894535,0
0.9479723491498263,-0.23844622063769355,0
0.5478634744441764,-0.10498963959766099,1
-0.6229918063168158,-0.12743097483231902,1
-0.16795101805767226,0.6416051928012094,1
-0.6225638813134234,-0.08232439337270427,1
-0.13062542549421666,-0.5135322414716704,1
0.06225158387269245,1.0142201441246375,0
0.6172686746933148,0.8239057428904498,0
0.019871288662836273,-1.0228406324459596,0
-0.18967563283515154,-0.9854395123945536,0
-0.567832310277933,-0.19091233367015298,1
-0.04231284368998817,0.5443555148015233,1
-0.0473743772368513,-0.5795499608545397,1
0.06932628198627358,-0.629829647955561,1
0.8637768687295166,0.4478796767675116,0
0.43555141060755415,-0.34283582559541104,1
-0.24936675526204155,-0.908383562882018,0
0.22454591856697942,0.9419310494404759,0
0.07525398456369216,-0.9679942217665394,0
-0.6141851568534756,-0.7903906855786613,0
0.38020990529347504,0.4216486958066119,1
-0.9840665011665405,-0.009189107913105425,0
-0.15980166557165734,0.6229115476056664,1
0.3935738271931484,0.4980706533759508,1
0.5524778497671845,-0.24108831632225766,1
0.910089615729567,-0.07195139537429411,0
-0.8874025097245435,0.4630849952222804,0
0.0007338107599274592,-0.6214452987401883,1
-0.5626095896542808,0.25065591011856864,1
0.7579875131954246,0.6008305317692756,0
-0.2977312691168652,0.5558800395200578,1
0.8079062191834764,-0.5228242539689545,0
-0.5751803653839683,0.859279566058228,0
-0.9131035399286884,-0.44949827258688013,0
-0.5775118222247412,0.7813981301798983,0
0.8209718142916964,0.6361448980911044,0
0.31375496314405205,-0.9187749799787409,0
0.27114243417868583,-0.5432544730361525,1
-0.2568579031987747,-0.9232512935318394,0
-0.09251446983097558,-0.679159447816058,1
-0.3532015567561743,0.9578983473399465,0
0.2940527996761152,-0.9685910377185014,0
-1.0012650200860234,0.20769383381310114,0
-0.6532573045348011,-0.17779701081337676,1
0.4449708913131221,0.39442459463671764,1
-0.6922841657382575,-0.03280944566531741,1
-0.21522543267492433,-0.572807946163005,1
-0.7544144133902984,0.7439474660118945,0
0.2072972567615215,-0.584960175314072,1
-0.5982123465147929,-0.2583238055006421,1
-0.6535905099328078,0.7268526822754056,0
0.8376811511889033,0.5451030275948687,0
0.07148089894553043,-0.9747473045310429,0
0.2926237253289463,0.5276193183240209,1
0.2279164100760479,0.5471898634882112,1
-0.20798942856033192,0.9698934823801182,0
0.6127749524976505,-0.15284519362762777,1
0.4173119311454797,0.4224401984468465,1
-0.5577189868813252,-0.3112427029292444,1
-0.28861034500230814,-0.92064454892557,0
-0.6935557066417699,-0.7151111742906869,0
-0.7160384791034499,-0.8325043530370232,0
-0.5303550391373993,-0.23541263486727265,1
0.9283301899943379,-0.2860125747781346,0
-0.581232646913419,-0.11654978759712672,1
-0.6025016913199399,0.11881287322153397,1
-0.5702563626530844,-0.7626905569653321,0
0.3689207891674883,-0.43843677646806334,1
-0.31685689773200415,0.8954640810698143,0
0.2791022787616176,0.5019131569219913,1
0.6613352364751687,0.7569799610434701,0
-0.5646938429567017,0.22791758174904533,1
-0.30075622634543797,-0.5623937256426016,1
0.5466831649365007,0.21465695694160875,1
0.6802902989208207,-0.7087121065131248,0
-0.3263347872543525,0.48308927822450115,1
-0.5636844973272039,-0.8438959929066607,0
-0.010056101975293788,0.5682743722874033,1
-0.5800024052340039,0.125976177870338,1
0.5670439791053327,0.11414995550969574,1
0.4991364115611567,0.30931969470432824,1
0.562818064636776,-0.12713739228049595,1
0.7822479041135626,-0.6544413006262734,0
0.25471721860923197,0.5216983777076819,1
0.4576516222454815,-0.3177063312335864,1
-0.0033388552727758314,1.0686629268007237,0
-0.5756204306189125,-0.18413124366892783,1
-0.8080677389611552,-0.627387599175329,0
-0.9311502013771801,-0.3684184105186134,0
0.16393493616387683,-0.5903391663622483,1
0.5073675951483902,-0.8832055487915649,0
0.4374761611996746,-0.4132020582069809,1
-0.016127845299633188,1.023989329894878,0
0.5921359293721352,0.2735874374383286,1
0.5944585379441115,-0.10594730322469711,1
0.09483139126416937,1.068491185811469,0
-0.3519909091807899,-0.43635379803911306,1
0.37475929695627397,0.40998710754794015,1
0.5780555928203543,-0.20069274569961723,1
-0.38563797717347476,-0.4097604761545819,1
-1.0105702258893128,-0.2965736857915779,0
-0.7212298682735442,-0.7485349690546769,0
0.01607716943974085,-1.0142566151284025,0
0.7411926086934574,-0.6575764949746404,0
0.5053476350066236,0.42514745512546775,1
0.6170659575880895,-0.8156988013130804,0
-0.9125015154079876,-0.37826869858069084,0
-0.03816875004965738,1.0451065394057866,0
0.349902623164903,-0.9224915054054552,0
-0.09408647618614197,-0.6115610133619985,1
0.2307709593205164,-0.999535499813724,0
-0.5076509295999946,-0.7988000496395163,0
-0.23831452965810349,0.6239417427581553,1
-0.8904581969107127,0.534498674880287,0
0.04173834759594096,0.6480898987675529,1
-0.5354027809085663,-0.1841785782380307,1
-0.626406678262134,0.7631533094390914,0
0.5385029964329153,0.22364398510613911,1
0.8929686867534414,0.4685063955930005,0
-0.8124423024116096,-0.679353305673603,0
-0.16351360337492518,0.6398708813142955,1
-0.03961781244100954,-0.9529290777012496,0
-0.8412767391846363,0.5863689904980015,0
-0.440751298101904,-0.3453272879978083,1
-0.9968404601880684,-0.23584335307973645,0
1.0125058753083358,0.08604550088742526,0
-0.23147344344817405,-0.9911586057337358,0
0.2399600375647885,0.5557287230942579,1
-0.02283553344612665,0.6042952536185004,1
0.6325973978593269,0.7718416405827152,0
0.22981377190919797,-0.8841433418801521,0
0.2968483426696928,-0.5193564303681393,1
-0.5110999220218638,0.19314701204207058,1
-0.19333877241395234,0.9356166930567985,0
-0.4275757145685589,0.9056031726781841,0
0.994064948180302,0.07796034336873514,0
-0.34372548287176447,-0.496278258425856,1
0.6113569422196097,0.03192483806248667,1
0.9995087884518318,-0.22505007453696022,0
0.47104058481905076,0.9859200709991577,0
0.5315471656496367,0.06443959012904087,1
0.6570940528220556,0.048401239284181746,1
0.5797625529413231,0.835043345726476,0
0.48065978289071304,0.39549005126526315,1
0.4735980234271318,0.36464534657571723,1
-0.32474274437804024,-0.9194620169728825,0
0.8983556322745548,-0.4433269875975062,0
-0.3881055400211564,0.44621129217205097,1
0.8521137467673457,0.6113060088057579,0
-0.5809784593369463,0.19577187702382234,1
-1.077795808778274,-0.020279897223239765,0
-0.3416313696302293,1.0380911209039159,0
0.17639404298049094,-0.9150446109550205,0
0.48865690159289243,-0.22088514068620174,1
0.4673364278177552,-0.36033966022024644,1
0.7445194096676856,0.6433728659608224,0
0.20777146177470007,-0.5074935744743813,1
0.389495175912178,0.40718377046590876,1
-0.03869382436100273,1.0184121130117285,0
0.6320888273317421,0.16413567110075097,1
-0.40442044067051786,0.36478921535094544,1
0.7030545025686824,0.6576985210076907,0
-0.5150607787730477,-0.2049617105812226,1
0.4414803320607483,-0.41184018289146485,1
0.23541121623746666,-0.5438285373381532,1
0.5122665334800961,0.1511371591597439,1
-0.265157258158209,-0.560837725287326,1
-0.09392141414981789,-0.5521609610469975,1
-0.4768683124493469,-0.9258094814193634,0
0.5055810088274403,0.21146636343576394,1
-0.05079159837383336,0.5831619264615837,1
0.13595445439229906,-1.0604541940276733,0
0.9628389922957498,0.3552413765154646,0
0.8288370818338552,0.6109465984375375,0
-0.556353789767638,0.27640321507783344,1
-0.5622921230942263,0.9280211523237378,0
0.938505203283389,0.38541565698660424,0
0.7494024868244168,0.6996043924124105,0
-0.5027261555684773,0.36191974654635534,1
0.20071703122270845,-0.9268251413930988,0
-0.3865821078263468,0.8957262827045006,0
-0.46010430348194664,-0.3558419217013962,1
0.3089291984786135,-0.4965577451274955,1
-0.4242514651535458,-0.5347855911665872,1
-0.516974854220595,0.2878745396852632,1
-0.47387184580258046,0.8745493792052019,0
-0.9729163340033831,0.048385852292996315,0
-0.42065172216005153,-0.4403543139937248,1
-0.33695542450775706,0.9036647641016996,0
0.6543379557071951,0.09546474451060963,1
0.7034791835945396,-0.6794378225294859,0
0.3948439123025318,-0.4581755512309526,1
-0.33297755573456006,-0.4822152139289252,1
-0.6039654707899799,0.04501906068779647,1
-0.12006603694337416,-0.9884818702014556,0
-0.10562963222645577,-0.5695424132568367,1
0.7962235653846792,0.6632129102314751,0
-0.6409808596065787,0.10317118022849561,1
0.9554877041840731,0.2542521166079505,0
-0.8262263495928777,-0.638132452787327,0
0.9800166375243444,0.23927514595429683,0
-0.968630881534187,-0.019963671392642587,0
-1.020461707520856,0.2960848653255867,0
0.5159872638148091,-0.8851959128263978,0
0.1931092665129275,0.5326215957784936,1
-0.5889787820242386,0.1769324913986223,1
-0.9703055148811571,0.30938578016159907,0
-0.2010508166613243,0.5514317360778392,1
0.6149331143283788,-0.8782518533871165,0
-0.8380860652185871,0.36675370121108675,0
-0.19370872536382036,-0.5309760230059497,1
0.45891974106455724,0.3460955597166095,1
0.5054819420566581,-0.35282834551856895,1
0.7826910432003665,-0.7153442827637373,0
0.12950007930271326,0.6067955732395351,1
-0.8905108087612917,-0.4271821841611915,0
0.6740075683600837,0.7781298529934004,0
0.8433129567260447,-0.5233896848757232,0
0.34099360381022803,-0.4879669649608316,1
0.6841214731755433,0.8246352496272096,0
0.06423383625299124,0.6489705780120955,1
0.44962621196198777,-0.9524613764281858,0
0.5280884737928178,0.821655472897078,0
0.16628788822761686,-0.5828311605656707,1
-0.4779242681737693,-0.45181463378589964,1
1.0068781401608777,0.2202029218513159,0
-0.5872642484456971,-0.1640417614582981,1
0.5408722000676071,0.2816219838062096,1
0.31715271535571865,0.5394874360663876,1
0.8307767785313114,-0.6627933908304833,0
0.5929368782006665,-0.03161739749915127,1
0.3746624972603462,-0.8960045358147855,0
0.9893501713727574,-0.09493318473580037,0
-0.4965162499512495,-0.33321332538982024,1
-0.5816909914165479,-0.009268195010434632,1
-0.12274516033219073,-1.0141594262734077,0
0.8726340655926405,-0.4351527819452169,0
0.19708943421640934,0.9108344684709347,0
-1.0218122482250023,-0.2148528648605204,0
-0.1736237069490274,-0.5884182994695892,1
-0.37196224876106715,0.5156011764889172,1
-1.0024874023482184,0.10443185165284839,0
0.5836157090389492,-0.7753343923947686,0
-0.07000282672285454,-0.5877970547144968,1
-0.785114239805173,0.4808526609589028,0
0.4101429697107616,-0.46281384865996533,1
0.38931304094951424,0.929520811916435,0
0.9314120087917549,-0.399090296316531,0
-0.48150215965012366,0.483918820629576,1
0.9642495885544307,-0.046101706304537075,0
-0.4465486230195163,0.900194150131127,0
0.4581066540199517,-0.4385559667818427,1
-0.4124056288684055,-0.46685535810771905,1
-0.6426942992545276,-0.7692146620450824,0
-0.1323891320366855,-0.9639393094760014,0
-0.1642183731161506,0.9499227314843532,0
-0.9176523691425729,-0.29596689342333543,0
0.1106704041957254,-0.9865618898725883,0
0.41762968853080074,0.4275439342189917,1
-0.5779387417796871,-0.27429734492654745,1
0.4155635089103407,0.9102924270805703,0
-0.546916726612026,-0.24550917943881312,1
-0.9054699053960332,-0.3489467877170262,0
0.91261110482487,-0.4691543773417772,0
0.06675198499823203,0.5989100002190475,1
-0.11801148397001862,-0.5761987410627002,1
0.1714221227691351,0.5457603534212464,1
-0.8072323982955338,0.5651112247438576,0
0.367353013900216,-0.9109394535446472,0
-0.44080637778002396,-0.9491205988737471,0
-0.11529164546713498,-1.0257758325006872,0
0.85698249015459,0.22563689612164323,0
-0.34832970429339666,-0.9878816299169952,0
0.40547708931618265,-0.5196358348466023,1
-0.5153470890498008,-0.8431228203600203,0
-0.7142104783743561,-0.6706934231765729,0
0.12449423744587076,-0.5542370882139837,1
-0.27205732093559015,-0.9333532691432057,0
0.5282816705328736,-0.32708358710003305,1
-0.9589103526980219,0.07839032247785055,0
-0.6394480177660667,-0.6607132423700715,0
-0.5511564976964558,0.09847167747395175,1
-0.8983807216921365,-0.1051484172446116,0
0.2926201500483549,1.0059016713523619,0
-0.573297393462017,0.06470375865263103,1
0.3204202720743819,-0.5080666801394584,1
-0.13066972591413453,-0.507453572430048,1
0.4776498280240379,0.8735977882731842,0
0.5967906013411969,0.11457497736147715,1
-0.5060859115200775,-0.8907716726029052,0
-0.33527603833196085,0.42080684518054756,1
0.6884581506582153,-0.7654908633327285,0
0.2150910276045764,-0.5666324763864271,1
-0.6530627060110101,0.1832523861654507,1
1.0550721670311465,-0.15356442949946186,0
-0.1134053167886195,0.5860790351821505,1
-0.3380234307032535,-0.515983709229278,1
-0.6142826974571014,0.019887233031517987,1
-0.9704972918515739,-0.09430014124935898,0
-0.7174991562635256,-0.6546019632967529,0
0.3406710192575713,-0.4023571211307666,1
-0.7913433182973308,0.6774608024119794,0
-0.16632234887421365,1.0678499168649573,0
0.24454885952204067,0.5695471636823463,1
-0.011197631871251432,0.9658946307300269,0
1.0661284709522045,-0.09870597274174465,0
0.2514114619662407,1.0123324937474705,0
0.4375554370943217,0.9130069150890825,0
-0.5984251486295932,0.2088402883639934,1
0.5513347282210397,0.13622752463101218,1
0.9545768963025004,-0.12182704277326685,0
-0.3898298750525335,0.42692563037597,1
0.30564390309217615,-0.5512508749907028,1
0.6494495699358221,0.7414573490448487,0
0.5450584910263876,-0.2944462544692566,1
-0.6218913637523177,-0.22911439079408213,1
-0.9153301005042067,-0.31627918141544065,0
0.28876031917179035,-0.9873686670140172,0
-0.3621733538520001,0.9598601214728394,0
-0.7976547158185145,0.6712397520765925,0
0.27256030955538857,-0.4916830428250793,1
-0.7007038214080693,0.7722864466758673,0
0.8610738987551426,0.5020550614112234,0
0.8918495461054221,0.48076225483028256,0
0.5646874541770761,-0.8117231720227505,0
-0.012359496758318687,-0.6216365275375041,1
-0.885318333425425,0.4802433654874659,0
0.036793238179165536,-0.98486905025022,0
0.8761493237999544,-0.41021891871998006,0
0.9249378228270249,-0.32397063437280627,0
0.5722956098419828,0.09844643293980267,1
0.6653448477544625,0.8562854833244458,0
-1.0752508622679628,0.03861949136238365,0
0.46917258050119287,0.4092335472512397,1
-0.8554386342435749,-0.6862788558016008,0
0.2881323296927322,0.4754776832822296,1
-0.5521438427420882,0.06782760888253231,1
0.49991297330023504,-0.06622005796080715,1
0.9741615865951684,0.09606774784500599,0
0.5204543407291636,-0.1713893050907935,1
0.9126688663207065,-0.2430144250554973,0
0.8204786241362025,-0.37125385883448514,0
0.5452982788793838,-0.18439879422337097,1
-0.04047516477840128,0.5930799192894105,1
-0.966110017574631,-0.4408432946447442,0
-0.9743637371445677,-0.005543968589662877,0
0.5592375949647558,-0.11707325435291177,1
0.5947423612046179,-0.09851200499259946,1
0.34221844869889617,-0.561474965154058,1
0.3006376019485529,0.48161524167930875,1
0.5685904592310469,-0.10698266443312657,1
-1.0167422868360645,0.3414383911457872,0
0.45961473133891495,-0.820818938319692,0
-0.06777027937894549,-1.0102222780959251,0
-0.25845637184486875,-0.5671641899081238,1
0.7059375845380733,0.8015694836898136,0
0.5543049615616022,-0.1710162098497758,1
0.3445490010800518,0.5613277785495546,1
1.0456690211861923,0.23709077838960055,0
0.5473487435330386,0.842554560836667,0
0.5151863160014771,0.33232676356709073,1
0.5405923670382988,-0.04514871495728539,1
0.47606131978134875,-0.37518625440031705,1
-0.013068261166106078,0.9186291225653507,0
-0.9356306927935322,0.24110866454102797,0
0.8982610201549717,0.4750515291897815,0
0.5907709803559326,0.1122873195147436,1
0.4345388932003041,0.5664200090941858,1
0.3990119004943691,0.4776575051610002,1
-0.4459597843175522,-0.33530815855472385,1
0.029874274062400646,0.6231288095944292,1
0.028303251330937723,-0.9860490095826782,0
-0.7782966043639291,0.52517319685578,0
0.6117852131280156,-0.23013479643498422,1
0.6173999052097419,-0.09377130137745633,1
0.9668054257765571,0.0907352744845096,0
0.9366546614707152,-0.10223922623117578,0
-0.5447089441695299,0.30532030803410054,1
0.396066964945447,-0.4058544874566141,1
-0.5701362667695898,-0.07312519699823097,1
-0.5187018067073833,0.12636572371991783,1
-0.9897990196462344,-0.1699659796389289,0
-0.8721973319201065,-0.408186747310456,0
0.02540185248780917,0.5679175744401023,1
0.19381279833787898,0.4743662992184443,1
0.13854884161671224,-0.6793438664733945,1
0.6298062510574967,-0.20975878945222717,1
0.764001592530654,-0.5677241329721467,0
-0.6855136622740163,-0.775500653910204,0
0.610587726603536,-0.7002611783085906,0
-0.26582326439582477,0.5896124950180973,1
-0.8441650872711256,-0.6064869098819236,0
0.7187459698518575,-0.7228327461726334,0
-0.4020537359544322,0.524509111896264,1
-0.390841358953203,-0.40072995602143174,1
0.7171044248040784,-0.7698384338340023,0
-0.5633131970521373,-0.9147061311469828,0
0.34442437547452337,-0.9533829017578851,0
-0.9717014989938775,-0.13025140229559865,0
0.4693239781587002,0.40240478742170815,1
0.13548784516332876,0.5806307041718265,1
-0.41062051272987304,-0.41267580963205874,1
-0.9006749138580974,-0.2770013843421828,0
-0.20563572051276294,0.5220807898482669,1
-0.6314256346237206,-0.08707611700022264,1
-0.5036925408461449,0.16852796653345736,1
-0.47037568688801756,0.3160809959212595,1
0.3843748667467234,0.40564549806825667,1
-0.609979062619143,-0.00020142183299540987,1
0.07469796908048691,-0.6189100272579522,1
0.11702342938312442,-0.5414377638288836,1
-1.0079105644885262,0.18530064566427606,0
-1.0198918864905406,0.10303503597248531,0
-0.48869275763992964,0.7978669490977051,0
0.5267918964352771,0.0454575474240592,1
-0.5915208180281301,-0.8138032275475722,0
-0.4325054723465394,-0.41475998024466193,1
-0.6077727295532448,-0.2697811890561074,1
0.6331661081341423,-0.73263047851523,0
0.4936862036568217,0.26947352196589314,1
-0.4942121616086436,0.8416034809556272,0
-0.30011912365621735,1.02471041645913,0
-0.9036560117080165,0.26633873077981485,0
-0.43067382561534395,0.5270266112591363,1
0.3137225426738535,0.9273550923929439,0
-0.9100362535693087,0.3648535405275979,0
0.14426902143644293,0.5520589036689534,1
-0.45000633779435545,0.39310882481495013,1
0.9408232195616401,-0.30021115391318454,0
0.5906442233607955,-0.1886967763080533,1
0.17143034742092142,0.5944008872422668,1
-0.03394004422755316,-0.6134557172165009,1
0.9990446672467307,0.41438031305076345,0
-0.9403599346483122,0.34916772552813885,0
0.6463994596743463,0.8132823359118682,0
-0.8628522953206323,0.3485901618179101,0
-0.9084307370061427,0.4645091801125335,0
-0.10505879770960337,-0.5249782543583769,1
0.3066093153731497,-0.9435968892189913,0
0.4331520812890841,-0.32557893823337236,1
-0.055014335097495266,-1.0296856052558392,0
1.1088008571130088,0.1372799007833799,0
0.2818533306050871,-0.47290446390050295,1
-0.3177016434306411,-0.8936846316072049,0
-0.7622454537191802,0.6303367830763708,0
-0.5325611489704754,0.15769917753301455,1
-0.4366394303899781,0.3734680806770785,1
-1.0287650073073873,0.17066688892398915,0
-0.41767563111991796,0.3663054089058584,1
0.5614533849400173,-0.9127533936632031,0
-0.29001658163194405,-0.5176767345918083,1
0.5754247035446282,-0.11580403800970511,1
0.09847805401254181,0.5863843765756572,1
-0.4854188474473735,-0.25597463875252086,1
-0.8329744926427816,-0.5210439860535759,0
0.6873779212081526,0.7337548595142283,0
-0.6098737021294137,0.06770863247792533,1
0.12885549858557027,0.5708312899816302,1
1.0095068225216972,0.17006610995872923,0
0.6854086083757877,-0.7298422555831575,0
0.9724421249872531,0.2263273672995398,0
-0.6285083474721884,-0.08505193275258838,1
0.09975774703545973,-0.6701266341668356,1
-0.6306198782455078,0.008270634201486778,1
-0.5490309637463968,-0.1722466505648187,1
-0.26916199805304625,-0.9267275873409109,0
-0.8649290157308518,0.49301230955393266,0
0.4526924336132869,0.93134726160515,0
-0.7839007121466522,-0.6676445128366267,0
-0.48643528913175754,-0.9430106200605266,0
0.06110924701888412,-0.9487364645619727,0
-0.3998172482115026,-0.9597216230787234,0
0.9381782308283018,-0.36014104430704086,0
-0.47849070754021394,-0.40317419177788627,1
0.45967119657218763,0.341832717090916,1
0.2068496545523197,0.6526147767232614,1
-0.3938533181987146,0.396507281842716,1
0.9276079251235333,0.4496640712581317,0
0.4242980159849823,-0.4372699406891859,1
-0.2557282201359779,0.5144072336458827,1
-0.30138779847573566,0.47946667130413617,1
-0.5588541474981237,0.8410350649266262,0
-0.17429085677299141,-0.5106669197765896,1
-0.15317153601706546,-0.5284010219541606,1
0.3750552129002256,-0.8441410449706174,0
0.5444956938705648,-0.30190445452002695,1
0.22036571133685623,-0.5873590353456087,1
-0.8127996103368289,0.6018081607673201,0
-0.9186158908836788,-0.47155400769507233,0
0.26948142262752756,0.4764813192995726,1
-0.0432002034286683,-0.6096149164363492,1
0.5589381257246211,0.08871643366367685,1
0.27777313178700647,-0.5313595147107915,1
-0.2933003692865103,-0.6600304143541854,1
0.0785236648899934,-0.5789691505583102,1
0.5577900592447949,-0.11458709108727202,1
0.5187900461130854,-0.2503357662645773,1
1.0431493575484978,-0.12465166392923965,0
-0.03017435788650713,-0.5554225551294932,1
0.5463919699942424,-0.25386314074331595,1
-0.113409778822913,1.0553257165730014,0
0.7160538491865537,0.6775636769908522,0
-0.3586247038146407,0.44665584327450236,1
0.9790927840938479,0.34428635617478776,0
0.3155557502590788,0.9485044962804486,0
0.5124298460940246,0.2252335193779658,1
0.2101443187643965,0.5447921877048371,1
0.5234818265727239,0.008567701740899478,1
-0.62154614356474,-0.19262286456125374,1
-0.5044432715422887,-0.3200309940333584,1
0.5553450094763431,0.1582034714020935,1
-0.1420736546343755,-0.9464371890345471,0
-0.7544716832768567,-0.7075936510239161,0
-0.46131548824974544,-0.28223088486399334,1
-0.29303996043476055,-0.49366158083193135,1
0.2008822632403407,0.4629036457587819,1
-0.9517126635900931,-0.06746934434769425,0
0.5376578204094709,0.33132084406256257,1
0.9282257279624382,-0.24454285540402892,0
0.6883150644850135,-0.729379075173893,0
-0.18895194486189706,0.5427045336751081,1
0.9607432677283435,-0.29881664407998937,0
0.9877846156060142,0.23149198303674512,0
0.6943948047574642,0.6750436811611037,0
-0.3150917842835521,0.9622283104590216,0
0.9761542179038247,-0.16839959878319596,0
-0.5621700088930003,0.18682870699429308,1
0.2691023509357995,-0.5300397303518315,1
-0.4985175212371736,-0.16222750276560077,1
-0.968269656302329,-0.0731472516343667,0
0.8538379205509113,0.6161809188226276,0
-1.047895458646624,0.17574628570090778,0
-0.49861043692449747,0.8619343934204834,0
0.9007751943523059,0.42208937458313983,0
-0.6050097866816532,0.8273770153426355,0
-0.3117419421536023,0.4980676503376301,1
-0.5918572179552499,0.12343932294932816,1
0.1266579327386123,0.9980907789225483,0
-0.9499727489492531,-0.2685914087572717,0
0.8545697981981579,0.6117452716955021,0
-0.8429801671620605,-0.4721453412182001,0
-0.3442496528577099,-0.49626987473261874,1
0.5995668067760664,0.8048864082823721,0
-0.549107563370636,0.2876658699953827,1
-0.03810465620795796,-0.9869207969239776,0
-0.8878657529913104,0.4727026970497949,0
-1.0378929129047867,-0.19399359745581868,0
-0.6968061515582789,-0.7129130611395741,0
-0.5910554474844925,0.20100442331524773,1
0.7579369296200138,-0.6436307618811122,0
0.6363349618667842,0.011857679733533822,1
0.9596442485749644,-0.016369061480509296,0
0.8794542459373018,0.42788026177087496,0
0.9620206534115363,0.03617340853197912,0
-0.3819207487788179,0.4587189387270431,1
-0.43439320782395247,0.9761718238885823,0
-0.9185767924032678,-0.4763799001207304,0
-0.8536811825613352,-0.5468963195747676,0
0.04820801849110487,0.6312294739592954,1
-0.3444963007043499,-0.492298433301147,1
-0.027205648408884196,0.639660393578436,1
-0.9371930522943999,-0.26547529592494645,0
0.28317937661687237,-0.5865661806666241,1
0.22709994946968373,0.5889743967862624,1
0.9711884326473741,-0.18180291824556738,0
1.0072341097639042,-0.03959511028538423,0
-0.6935020031859931,0.7340634676628567,0
-0.30294240137474154,-0.5025452303162565,1
0.4561966989054139,-0.29392897550635505,1
-0.3933275474110969,0.4107261152083675,1
-0.6184546604261004,0.07828946244189205,1
0.48942331603114425,-0.20200991429440995,1
0.8570493566020463,0.43884898772795244,0
-0.3472497888080875,0.8635872810685872,0
1.0126145280034595,0.06615952980189499,0
-0.6425460946507559,-0.10393926360481442,1
0.597010441659065,0.1307379030750178,1
0.9374718706132322,-0.06012930484697744,0
-0.7590253386123705,-0.5780763191574403,0
-0.9001060067841467,-0.4862179816348949,0
0.5155182767390695,0.40784157084455475,1
0.4900048851556955,-0.9218077386313801,0
0.5780672808996721,-0.802806165795593,0
-0.22820686741125812,0.9321795303784994,0
-0.8614525725351455,0.30710753725565865,0
-0.09599058056390104,-0.5439327407162938,1
-0.6584113697842805,0.7422617413769922,0
-0.20151316818438866,-0.544571105660577,1
0.44537036229149796,-0.3913793149667496,1
0.2988204177005708,-0.503773617005651,1
-0.3801161112889176,0.45515102917036215,1
-0.19967757792619056,-0.6061859112408138,1
0.5909479272704774,0.007016970934385594,1
0.3020434251314707,-0.554330097550574,1
-0.6293854617086986,0.17667760245766295,1
0.031873434088228236,0.5476214464742442,1
0.15559772578077788,-0.618751154305371,1
-0.5947580863700961,0.07837154321427978,1
0.48404231408888165,-0.33945705938134463,1
0.1594223194537427,1.0422024102543088,0
-0.23984621241122883,-0.5719237478063914,1
0.968925946814493,0.018106959717477396,0
0.176634655226861,0.9495637522756937,0
0.5264780317574258,-0.3226241844534634,1
-0.34844190335316677,0.5075580320938391,1
-0.6054990170590777,-0.08367081465491628,1
-0.42599425969041926,0.9643485300810585,0
-0.7406812924991735,0.703749919759401,0
-0.30740585825750893,0.4854122296887181,1
-0.07298093290657157,-0.9622516749390295,0
-0.9758991060974762,-0.24865024115452922,0
-0.568749086018593,0.2943444049275253,1
1.0354455044515567,0.02426376973223213,0
0.41000586500633807,0.42972555522537076,1
0.1018494618908093,-0.5700941364397476,1
0.5588778696169315,0.20982693824579798,1
0.539837993493087,-0.009170984104617646,1
-0.4927974641296373,0.26753711860835117,1
0.15509268544833701,-1.0045270393190244,0
0.38105990472390605,-0.9150556304403727,0
0.42732877167025446,0.3762959608823452,1
-0.1558176790249406,-0.6321794139492416,1
0.9293578171879422,0.23335155889836146,0
-0.5030251793353023,-0.3501617391382629,1
-0.5800928153567255,0.7776489783218518,0
-0.5408605980216757,-0.8283939124299791,0
0.029024998601085303,-0.9803363354092248,0
0.536709401551288,0.33634933050328936,1
-0.5865006089027669,0.8153269475815887,0
0.5946508955133332,0.04724878947964013,1
-0.358882195608114,-0.4868561725432914,1
0.6153375113466888,0.051512829631454364,1
-0.3511896997729331,0.9603064131632978,0
0.13693318691598538,0.6094003101464224,1
0.4348721292320216,-0.9194015104648516,0
0.16374490047241877,0.6047640937888683,1
0.04592152147029264,0.6249733214756917,1
-0.01335968072986544,-0.6641804161254768,1
0.3512208269037571,0.5098563928035719,1
-0.1236728548786525,-0.643240371020094,1
0.4667249250940214,-0.3634404398076198,1
-0.155073900758145,0.6302517487421732,1
-0.6876088894837828,-0.7600420951323545,0
0.4823440458702313,-0.26597117501136686,1
-1.0654688834184565,-0.1511643213824371,0
-0.2715152810289894,-0.48794071219691937,1
-0.22651307989324398,0.5344885793026911,1
0.9632822832109548,-0.2975764684345347,0
-0.4436468206577313,-0.926299844774426,0
0.49804195081333447,0.274863431796624,1
0.6207840155125122,0.030120964939071786,1
0.29766044085964205,-1.0157771255798047,0
0.6084353801841379,-0.8422926500108275,0
0.1649590821046349,0.5525313084002448,1
0.417137822724231,-0.46821577494741884,1
-0.31982860626910325,0.5718647886479868,1
0.8848281894642923,-0.1795735949847731,0
0.5968241059247646,-0.8991345215969735,0
0.07771228428659091,0.976022553848713,0
0.2504993468714095,-0.565717454739804,1
-0.23256401978945843,0.5717041906289408,1
-0.39324740494422544,0.3775079549582124,1
-0.01615025841696386,-0.6188850782879681,1
-0.5241788208163369,0.25956609368448863,1
-0.23443297192909043,0.5288396895351685,1
-0.5046569672340407,-0.3010683037905715,1
-0.9773306540711424,-0.03348967539543141,0
0.6071383739626754,-0.19766978347221983,1
0.4776542782781277,-0.3288254313277036,1
-0.1618241216605471,0.5661878981989049,1
-0.9908481042187436,-0.006310631370021563,0
-0.293422707334192,0.5091927007841793,1
-0.0012410139451111222,-0.5807371627193505,1
